ID,FirstName,LastName,MaideName,Age,Gender,Email,Phone,Username,Password,Birth-Date,Blood-Group,Height,weight,City,state,Country
2,Michael,Williams,,36,male,michael.williams@x.dummyjson.com,"+49 258-627-6644",michaelw,michaelwpass,1989-8-10,B+,186.22,76.32,Houston,Alabama,"United States"
3,Sophia,Brown,,43,female,sophia.brown@x.dummyjson.com,"+81 210-652-2785",sophiab,sophiabpass,1982-11-6,O-,177.72,52.6,Washington,Alabama,"United States"
4,James,Davis,,46,male,james.davis@x.dummyjson.com,"+49 614-958-9364",jamesd,jamesdpass,1979-5-4,AB+,193.31,62.1,Seattle,Pennsylvania,"United States"
5,Emma,Miller,Johnson,31,female,emma.miller@x.dummyjson.com,"+91 759-776-1614",emmaj,emmajpass,1994-6-13,AB-,192.8,63.62,Jacksonville,Colorado,"United States"
7,Alexander,Jones,,39,male,alexander.jones@x.dummyjson.com,"+61 260-824-4986",alexanderj,alexanderjpass,1986-10-20,AB-,153.89,77.42,Indianapolis,Delaware,"United States"
9,Ethan,Martinez,,34,male,ethan.martinez@x.dummyjson.com,"+92 933-608-5081",ethanm,ethanmpass,1991-2-12,AB+,159.19,68.81,"San Antonio",Louisiana,"United States"
10,Isabella,Anderson,Davis,32,female,isabella.anderson@x.dummyjson.com,"+49 770-658-4885",isabellad,isabelladpass,1993-6-10,A-,150.56,50.1,"New York",Utah,"United States"
13,Noah,Hernandez,,41,male,noah.hernandez@x.dummyjson.com,"+49 393-605-6968",noahh,noahhpass,1984-6-5,AB+,188.62,69.49,"New York","North Dakota","United States"
14,Charlotte,Lopez,Martinez,37,female,charlotte.lopez@x.dummyjson.com,"+44 373-953-5028",charlottem,charlottempass,1988-6-8,AB-,178.92,82.46,Columbus,Ohio,"United States"
15,William,Gonzalez,,33,male,william.gonzalez@x.dummyjson.com,"+81 905-252-7319",williamg,williamgpass,1992-3-27,B-,173.21,82.41,"San Jose",Utah,"United States"
17,Evelyn,Sanchez,,38,female,evelyn.sanchez@x.dummyjson.com,"+1 623-880-6871",evelyns,evelynspass,1987-10-13,B+,184.08,83.15,"San Diego",Wyoming,"United States"
18,Logan,Torres,,32,male,logan.torres@x.dummyjson.com,"+81 507-434-8733",logant,logantpass,1993-10-26,A+,190.04,72.43,Columbus,Arkansas,"United States"
20,Jackson,Evans,,35,male,jackson.evans@x.dummyjson.com,"+44 468-628-6686",jacksone,jacksonepass,1990-11-30,O-,162.57,74.37,"New York",Arkansas,"United States"
22,Elijah,Stewart,,34,male,elijah.stewart@x.dummyjson.com,"+44 468-357-7872",elijahs,elijahspass,1991-10-22,A-,195.33,81.64,Columbus,Illinois,"United States"
23,Chloe,Morales,,40,female,chloe.morales@x.dummyjson.com,"+92 468-541-7133",chloem,chloempass,1985-4-21,O+,185.07,63.97,Dallas,"New Jersey","United States"
24,Mateo,Nguyen,,31,male,mateo.nguyen@x.dummyjson.com,"+1 341-597-6694",mateon,mateonpass,1994-6-2,O+,174.29,59.98,Columbus,Missouri,"United States"
26,Evelyn,Gonzalez,,36,female,evelyn.gonzalez@x.dummyjson.com,"+61 708-508-4638",evelyng,evelyngpass,1989-2-5,O+,168.94,58.47,Dallas,Maine,"United States"
27,Daniel,Cook,,42,male,daniel.cook@x.dummyjson.com,"+44 254-761-6843",danielc,danielcpass,1983-12-25,AB+,186.21,83.72,"Los Angeles",Nevada,"United States"
29,Henry,Hill,,39,male,henry.hill@x.dummyjson.com,"+1 240-833-4680",henryh,henryhpass,1986-8-19,O-,180.25,95.84,Indianapolis,Delaware,"United States"
30,Addison,Wright,,33,female,addison.wright@x.dummyjson.com,"+1 514-384-3300",addisonw,addisonwpass,1992-1-3,B+,179.32,76.93,"San Francisco",Montana,"United States"
